{
  "display": {
    "icon": {
      "id": "minecraft:gold_nugget",
      "count": 1,
      "components": {
        "minecraft:item_model": "records:bad_to_the_bone"
      }
    },
    "title": "George T. - Bad To The Bone",
    "description": "Kill A Skeleton With A Bone",
    "frame": "task"
  },
  "parent": "customsongs:display/root",
  "criteria": {
    "acquire": {
      "trigger": "minecraft:inventory_changed",
      "conditions": {
        "items": [
          {
            "components": {
              "minecraft:jukebox_playable": {
                "song": "customsongs:bad_to_the_bone"
              }
            }
          }
        ]
      }
    }
  }
}
