{
  "display": {
    "icon": {
      "id": "minecraft:gold_nugget",
      "count": 1,
      "components": {
        "minecraft:item_model": "records:blue"
      }
    },
    "title": "Weezer - Buddy Holly",
    "description": "Kill A Baby Zombie While It's Under The Effects of Speed II",
    "frame": "task"
  },
  "parent": "customsongs:display/root",
  "criteria": {
    "acquire": {
      "trigger": "minecraft:inventory_changed",
      "conditions": {
        "items": [
          {
            "components": {
              "minecraft:jukebox_playable": {
                "song": "customsongs:buddy_holly"
              }
            }
          }
        ]
      }
    }
  }
}
