{
  "display": {
    "icon": {
      "id": "minecraft:gold_nugget",
      "count": 1,
      "components": {
        "minecraft:item_model": "records:ok_computer"
      }
    },
    "title": "Radiohead - Exit Music",
    "description": "Craft Exit Music (For A Film)",
    "frame": "task"
  },
  "parent": "customsongs:display/ok_computer",
  "criteria": {
    "acquire": {
      "trigger": "minecraft:inventory_changed",
      "conditions": {
        "items": [
          {
            "components": {
              "minecraft:jukebox_playable": {
                "song": "customsongs:exit_music_for_a_film"
              }
            }
          }
        ]
      }
    }
  }
}
