{
  "display": {
    "icon": {
      "id": "minecraft:gold_nugget",
      "count": 1,
      "components": {
        "minecraft:item_model": "records:ride_the_lightning"
      }
    },
    "title": "Metallica - For Whom The Bell...",
    "description": "Channel Lightning Upon A Zombie While It Holds 'C418 - Cat'",
    "frame": "task"
  },
  "parent": "customsongs:display/root",
  "criteria": {
    "acquire": {
      "trigger": "minecraft:inventory_changed",
      "conditions": {
        "items": [
          {
            "components": {
              "minecraft:jukebox_playable": {
                "song": "customsongs:for_whom_the_bell_tolls"
              }
            }
          }
        ]
      }
    }
  }
}
