{
  "display": {
    "icon": {
      "id": "minecraft:gold_nugget",
      "count": 1,
      "components": {
        "minecraft:item_model": "records:dirt"
      }
    },
    "title": "Alice In Chains - Them Bones",
    "description": "Craft Speedball With A Potion And Sugar, And Consume It",
    "frame": "task"
  },
  "parent": "customsongs:display/root",
  "criteria": {
    "acquire": {
      "trigger": "minecraft:inventory_changed",
      "conditions": {
        "items": [
          {
            "components": {
              "minecraft:jukebox_playable": {
                "song": "customsongs:them_bones"
              }
            }
          }
        ]
      }
    }
  }
}
