{
  "display": {
    "icon": {
      "id": "minecraft:gold_nugget",
      "count": 1,
      "components": {
        "minecraft:item_model": "records:human_clay"
      }
    },
    "title": "Creed - With Arms Wide Open",
    "description": "Craft With Arms Wide Open (Strings Version)",
    "frame": "task"
  },
  "parent": "customsongs:display/root",
  "criteria": {
    "acquire": {
      "trigger": "minecraft:inventory_changed",
      "conditions": {
        "items": [
          {
            "components": {
              "minecraft:jukebox_playable": {
                "song": "customsongs:with_arms_wide_open"
              }
            }
          }
        ]
      }
    }
  }
}
