{
  "criteria": {
    "requirement": {
      "trigger": "minecraft:player_killed_entity",
      "conditions": {
        "entity": [
          {
            "condition": "minecraft:entity_properties",
            "entity": "this",
            "predicate": {
              "type": "minecraft:skeleton"
            }
          }
        ],
        "killing_blow": {
          "source_entity": {
            "equipment": {
              "mainhand": {
                "items": "minecraft:bone"
              }
            }
          }
        }
      }
    }
  },
  "rewards": {
    "function": "customsongs:albums/bad_to_the_bone"
  }
}
