{
  "criteria": {
    "sewer_slide": {
      "trigger": "minecraft:player_hurt_entity",
      "conditions": {
        "player": [
          {
            "condition": "minecraft:entity_properties",
            "entity": "this",
            "predicate": {
              "equipment": {
                "mainhand": {
                  "items": "minecraft:crossbow"
                }
              }
            }
          }
        ],
        "damage": {},
        "entity": [
          {
            "condition": "minecraft:entity_properties",
            "entity": "this",
			"predicate": {}
          }
        ]
      }
    }
  },
  "rewards": {
    "function": "customsongs:albums/come_as_you_are"
  }
}
