{
  "criteria": {
    "kill_zombie": {
      "trigger": "minecraft:channeled_lightning",
      "conditions": {
        "victims": [
          [
            {
              "condition": "minecraft:entity_properties",
              "entity": "this",
              "predicate": {
                "type": "minecraft:zombie",
                "equipment": {
                  "mainhand": {
                    "items": "minecraft:music_disc_cat"
                  }
                }
              }
            }
          ]
        ]
      }
    }
  },
  "rewards": {
    "function": "customsongs:anim/for_whom_the_bell_tolls"
  }
}
