{
  "type": "minecraft:crafting_shaped",
  "pattern": [
    "  #",
    "O# ",
    "/O "
  ],
  "key": {
    "#": "minecraft:iron_block",
    "O": "minecraft:leather",
    "/": "minecraft:stick"
  },
  "result": {
    "id": "minecraft:stick",
    "components": {
	  "minecraft:item_name": "[{
         'italic': false,
         'text': 'Iron Baseball Bat'
      }]",
      "minecraft:enchantment_glint_override": false,
	  "minecraft:item_model": "items:bat_iron",
      "minecraft:enchantments": {
		  "minecraft:knockback": 5
      },
      "minecraft:custom_data": {
		  "IsBat": true
	  }
    }
  }
}

  