{
	"single": [
		{
			"name": "stormtrooper",
			"helmet_model": "armor:stormtrooper/stormtrooper_helmet",
			"item_models": true
		},
		{
			"name": "glass",
			"item_models": true
		},
		{
			"name": "santa",
			"item_models": true
		},
		{
			"name": "space",
			"item_models": true
		}
	],
	"tiered": [
		{
			"name": "minimal",
			"leather": "minimal/leather",
			"iron": "minimal/iron",
			"golden": "minimal/golden",
			"chainmail": "minimal/chainmail",
			"diamond": "minimal/diamond",
			"netherite": "minimal/netherite",
			"item_models": false
		},
		{
			"name": "steampunk",
			"leather": "steampunk/leather",
			"iron": "steampunk/iron",
			"golden": "steampunk/golden",
			"chainmail": "steampunk/chainmail",
			"diamond": "steampunk/diamond",
			"netherite": "steampunk/netherite",
			"item_models": true
		}
	]
}