{
	"blocks": [
		"gravestone",
		"phonogram",
		"pirate_wheel"
	],
	"characters": [
		"house",
		"jamiroquai",
		//"jamiroquai_top_hat",
		"steezus",
		"steezus_empty_hand",
		"villager/priest",
		"villager/wizard"
	],
	"hats": [
		"amogus",
		"bear",
		"bunny",
		"cardboard_box",
		"cat",
		"cone",
		"disguise",
		"dog",
		"freddy",
		"frog",
		"pirate",
		"plague_doctor",
		"propeller",
		"santa",
		"tv",
		"witch",
		"wither",
		"wizard"
	],
	"items": [
		"shotgun",
		"skillet",
		"tv_plushie"
	],
	"tools": [
		"swords/master_sword",
		"mace/megaton_hammer",
		"mace/mjolnir"
	],
	"wings": [
		"allay",
		"butterfly",
		"dragon",
		"end_portal",
		"fire",
		"first_flight",
		"glass",
		"nether_portal",
		"phantom",
		"shulker",
		"soul_fire",
		"steampunk",
		"vex"
	]
}