 {
  "type": "minecraft:crafting_shaped",
  "pattern": [
    "#/#",
    "/0/",
    "#/#"
  ],
  "key": {
    "0": "minecraft:goat_horn",
    "#": "minecraft:copper_ingot",
    "/": "minecraft:gold_ingot"
  },
  "result": {
    "id": "minecraft:stick",
    "components": {
	  "minecraft:item_name": "[{
			'italic': false,
			'text': 'Trumpet'
      }]", 
	  "minecraft:custom_data": {
			"isTrumpet": true
      },
      "minecraft:item_model": "items:misc_trumpet",
      "minecraft:food": {
        "nutrition": 0,
        "saturation": 0,
        "can_always_eat": true
      },
      "minecraft:consumable": {
        "consume_seconds": 2147483648,
        "animation": "toot_horn"
      }
    }
  }
}
