{
  "type": "minecraft:crafting_shaped",
  "pattern": [
    "###",
    "#/#",
    "###"
  ],
  "key": {
    "#": "minecraft:coal_block",
    "/": "minecraft:glowstone_dust"
  },
  "result": {
    "id": "minecraft:stick",
    "components": {
      "minecraft:max_stack_size": 1,
      "minecraft:item_name": "{\"italic\":false, \"text\":\"Music Album\"}",
      "minecraft:rarity": "rare",
      "minecraft:jukebox_playable": {
        "song": "customsongs:black_hole_sun"
      },
      "minecraft:item_model": "records:superunknown"
    }
  }
}
