{
  "type": "minecraft:crafting_shaped",
  "pattern": [
    ".#.",
    "#/#",
    ".#."
  ],
  "key": {
    "#": "minecraft:sunflower",
    "/": "minecraft:music_disc_stal",
    ".": "minecraft:honey_bottle"
  },
  "result": {
    "id": "minecraft:stick",
    "components": {
      "minecraft:max_stack_size": 1,
      "minecraft:item_name": "{\"italic\":false, \"text\":\"Music Album\"}",
      "minecraft:rarity": "rare",
      "minecraft:jukebox_playable": {
        "song": "customsongs:creep"
      },
      "minecraft:item_model": "records:pablo_honey"
    }
  }
}
