{
  "type": "minecraft:crafting_shaped",
  "pattern": [
    "###",
    "/./",
    "###"
  ],
  "key": {
    "#": "minecraft:blue_terracotta",
    "/": "minecraft:red_dye",
    ".": "minecraft:music_disc_cat"
  },
  "result": {
    "id": "minecraft:stick",
    "components": {
      "minecraft:max_stack_size": 1,
      "minecraft:item_name": "{\"italic\":false, \"text\":\"Music Album\"}",
      "minecraft:rarity": "rare",
      "minecraft:jukebox_playable": {
        "song": "customsongs:everlong"
      },
      "minecraft:item_model": "records:the_colour_and_the_shape"
    }
  }
}
