{
  "type": "minecraft:crafting_shaped",
  "pattern": [
    "###",
    "#/#",
    "###"
  ],
  "key": {
    "#": "minecraft:redstone",
    "/": "minecraft:music_disc_cat"
  },
  "result": {
    "id": "minecraft:stick",
    "components": {
      "minecraft:max_stack_size": 1,
      "minecraft:item_name": "{\"italic\":false, \"text\":\"Music Album\"}",
      "minecraft:rarity": "rare",
      "minecraft:jukebox_playable": {
        "song": "customsongs:exit_music_for_a_film"
      },
      "minecraft:item_model": "records:ok_computer"
    }
  }
}
