{
  "type": "minecraft:crafting_shaped",
  "pattern": [
    "###",
    "/./",
    "###"
  ],
  "key": {
    "#": "minecraft:light_blue_wool",
    "/": "minecraft:blue_dye",
    ".": "minecraft:music_disc_cat"
  },
  "result": {
    "id": "minecraft:stick",
    "components": {
      "minecraft:max_stack_size": 1,
      "minecraft:item_name": "{\"italic\":false, \"text\":\"Music Album\"}",
      "minecraft:rarity": "rare",
      "minecraft:jukebox_playable": {
        "song": "customsongs:mr_brightside"
      },
      "minecraft:item_model": "records:hot_fuss"
    }
  }
}
