{
  "type": "minecraft:crafting_shaped",
  "pattern": [
    "###",
    "#/#",
    "###"
  ],
  "key": {
    "#": "minecraft:clay_ball",
    "/": "minecraft:music_disc_cat"
  },
  "result": {
    "id": "minecraft:stick",
    "components": {
      "minecraft:max_stack_size": 1,
      "minecraft:item_name": "{\"italic\":false, \"text\":\"Music Album\"}",
      "minecraft:rarity": "rare",
      "minecraft:jukebox_playable": {
        "song": "customsongs:with_arms_wide_open"
      },
      "minecraft:item_model": "records:human_clay"
    }
  }
}
