{
  "type": "minecraft:crafting_shaped",
  "pattern": [
    "###",
    "#.#",
    "###"
  ],
  "key": {
    "#": "minecraft:black_wool",
    ".": "minecraft:leather_helmet"
  },
  "result": {
    "id": "minecraft:stick",
    "components": {
      "minecraft:item_name": "{'text':'Jay Kays Hat'}",
      "minecraft:item_model": "characters:jamiroquai_top_hat",
	  "minecraft:custom_data": {
		  "right_click": true,
		  "jay_kay_hat": true
	  },
      "minecraft:food": {
        "nutrition": 0,
        "saturation": 0,
        "can_always_eat": true
      },
      "minecraft:consumable": {
        "consume_seconds": 2147483648,
        "has_consume_particles": false
      },
      "minecraft:equippable": {
        "slot": "head"
      }
    }
  }
}
