{
  "type": "minecraft:crafting_shapeless",
  "ingredients": [
    "minecraft:sugar",
    "minecraft:potion"
  ],
  "result": {
    "id": "minecraft:stick",
    "count": 1,
    "components": {
      "minecraft:item_name": "Speedball",
	  "minecraft:custom_data": {
		"isSpeedball": true
	  },
      "minecraft:item_model": "items:misc_speedball",
      "minecraft:food": {
        "nutrition": 0,
        "saturation": 0,
        "can_always_eat": true
      },
      "minecraft:consumable": {
        "on_consume_effects": [
          {
            "type": "minecraft:apply_effects",
            "effects": [
              {
                "id": "minecraft:nausea",
                "duration": 400
              },
              {
                "id": "minecraft:poison",
                "duration": 400
              },
              {
                "id": "minecraft:slowness",
                "amplifier": 3,
                "duration": 400
              },
              {
                "id": "minecraft:blindness",
                "duration": 400
              }
            ]
          }
        ]
      }
    }
  }
}
