{
  "type": "minecraft:crafting_shaped",
  "pattern": [
    ".#.",
    "###",
    ".#."
  ],
  "key": {
    "#": "minecraft:oak_slab",
    ".": "minecraft:iron_nugget"
  },
  "result": {
    "id": "minecraft:stick",
    "components": {
      "minecraft:item_name": "{'text':'Crucifix Skateboard'}",
      "minecraft:item_model": "characters:steezus_skateboard",
	  "minecraft:custom_data": {
		  "right_click": true,
		  "steezus_skateboard": true
	  },
      "minecraft:food": {
        "nutrition": 0,
        "saturation": 0,
        "can_always_eat": true
      },
      "minecraft:consumable": {
        "consume_seconds": 2147483648,
        "has_consume_particles": false
      }
    }
  }
}
